{
    "Enemy": [
        {
            "moveSpeed": 0.0020000000949949026
        },
        {
            "slerpSpeed": 0.10000000149011612
        },
        {
            "damageFrame": 30.0
        }
    ]
}
