{
    "PlayerAttackParticle": [
        {
            "count": 25
        },
        {
            "scale": 0.14000000059604645
        },
        {
            "velocityPow": 0.017000000923871994
        },
        {
            "offset": [
                0.0,
                -1.0,
                0.0
            ]
        }
    ]
}
