{
    "Player": [
        {
            "velocityY": 0.25
        },
        {
            "accelerationY": 0.007000000216066837
        },
        {
            "attackVelocityY": 0.800000011920929
        },
        {
            "moveSpeed": 0.07999999821186066
        }
    ]
}
