{
    "PlayerTrailEffect": [
        {
            "alpha": 0.02539999969303608
        },
        {
            "position0": [
                0.0,
                0.5,
                0.0
            ]
        },
        {
            "position1": [
                0.0,
                2.5,
                0.0
            ]
        },
        {
            "color": [
                1.0,
                0.23529410362243652,
                0.0
            ]
        }
    ]
}
