{
    "Player": [
        {
            "velocityY": 0.25
        },
        {
            "accelerationY": 0.007000000216066837
        },
        {
            "attackVelocityY": 0.30000001192092896
        }
    ]
}
