{
    "EnemyPop3": {
        "popCount": 5,
        "position0": [
            -3.319999933242798,
            1.6399999856948853,
            -13.0600004196167
        ],
        "position1": [
            -11.020000457763672,
            2.440000057220459,
            -3.2200000286102295
        ],
        "position2": [
            -3.319999933242798,
            5.440000057220459,
            -13.0600004196167
        ],
        "position3": [
            -11.020000457763672,
            6.239999771118164,
            -3.2200000286102295
        ],
        "position4": [
            3.180000066757202,
            8.4399995803833,
            -8.720000267028809
        ],
        "velocity0": [
            0.0,
            0.0,
            0.0
        ],
        "velocity1": [
            0.0,
            0.0,
            0.0
        ],
        "velocity2": [
            0.0,
            0.0,
            0.0
        ],
        "velocity3": [
            0.0,
            0.0,
            0.0
        ],
        "velocity4": [
            0.0,
            0.0,
            0.0010000000474974513
        ]
    }
}
