{
    "EnemyPop2": {
        "popCount": 3,
        "position0": [
            -6.420000076293945,
            -1.0,
            4.829999923706055
        ],
        "position1": [
            -4.25,
            -1.0,
            9.59000015258789
        ],
        "position2": [
            -9.020000457763672,
            -1.0,
            13.130000114440918
        ],
        "velocity0": [
            0.0,
            0.0,
            0.009999999776482582
        ],
        "velocity1": [
            0.0,
            0.0,
            0.0
        ],
        "velocity2": [
            0.0,
            0.0,
            0.0
        ]
    }
}
