{
    "EnemyPop0": {
        "popCount": 2,
        "position0": [
            2.0,
            5.0,
            -25.0
        ],
        "position1": [
            -2.0,
            5.0,
            -25.0
        ],
        "velocity0": [
            0.0,
            0.0,
            0.009999999776482582
        ],
        "velocity1": [
            0.0,
            0.0,
            0.009999999776482582
        ]
    }
}
