{
    "EnemyPop1": {
        "popCount": 3,
        "position0": [
            -4.0,
            -1.5,
            -20.0
        ],
        "position1": [
            2.0,
            -1.5,
            -20.0
        ],
        "position2": [
            -1.0,
            -1.2000000476837158,
            -20.0
        ],
        "velocity0": [
            0.0,
            0.0,
            0.009999999776482582
        ],
        "velocity1": [
            0.0,
            0.0,
            0.009999999776482582
        ],
        "velocity2": [
            0.0,
            0.0,
            0.009999999776482582
        ]
    }
}
